{"cameraMode":{"drawMode":0,"name":"Shaded","section":"Shading Mode"},"sceneLighting":false,"audioPlay":false,"sceneViewState":{"m_AlwaysRefresh":false,"showFog":false,"showSkybox":false,"showFlares":false,"showImageEffects":false,"showParticleSystems":false,"showVisualEffectGraphs":true,"m_FxEnabled":true},"in2DMode":false,"pivot":{"x":-0.040002524852752689,"y":2.5190000534057619,"z":1.8645000457763672},"rotation":{"x":0.222649946808815,"y":0.17411290109157563,"z":-0.04049583151936531,"w":0.9582455158233643},"size":3.3507180213928224,"orthographic":false}